DEPTH,CALI,GR,ILD,PEF,RHOB,NPHI,SHALE
5000,8.8,125,2.6,2.6,2.199,0.403,1
5000.5,8.8,129,2.5,2.7,2.209,0.373,1
5001,8.8,133,2.6,2.9,2.232,0.378,1
5001.5,8.8,142,2.8,3.1,2.268,0.386,1
5002,8.7,147,3.1,2.9,2.295,0.375,1
5002.5,8.8,146,3.4,3,2.286,0.358,1
5003,8.7,140,3.5,3.4,2.312,0.36,1
5003.5,8.2,138,3.5,3.1,2.338,0.387,1
5004,8.4,143,3.5,2.7,2.324,0.4,1
5004.5,8.5,145,3.5,2.2,2.258,0.392,1
5005,8.6,143,3.8,2.3,2.231,0.399,1
5005.5,8.6,139,4.3,2.3,2.257,0.397,1
5006,8.7,143,4.8,2.5,2.271,0.408,1
5006.5,8.7,144,5.1,2.7,2.298,0.381,1
5007,8.5,129,5.4,3.6,2.367,0.35,1
5007.5,7.9,100,5.5,3.4,2.452,0.363,1
5008,7.8,79,5.3,2.8,2.358,0.422,1
5008.5,7.8,83,5.5,2.4,2.023,0.467,1
5009,8,99,5.6,2.1,1.891,0.432,0
5009.5,8.8,112,5.4,2.1,1.929,0.368,0
5010,9.4,114,4.9,2.2,2.167,0.347,0
5010.5,9.5,115,4.3,2.2,2.36,0.328,1
5011,9.4,114,3.8,2.5,2.404,0.331,1
5011.5,9.3,115,3.5,2.6,2.418,0.327,1
5012,9.3,114,3.4,2.9,2.459,0.328,1
5012.5,9.2,116,3.3,3,2.478,0.336,1
5013,9.1,115,3.3,3.1,2.47,0.334,1
5013.5,9.1,118,3.3,3,2.452,0.342,1
5014,9.2,117,3.3,2.9,2.439,0.335,1
5014.5,9.2,116,3.2,3,2.458,0.348,1
5015,8.9,113,3.1,3,2.478,0.357,1
5015.5,9,108,3.1,3.2,2.473,0.347,1
5016,9,108,3,3.2,2.474,0.354,1
5016.5,9.2,107,2.9,3.2,2.485,0.372,1
5017,9.1,107,2.9,2.8,2.417,0.415,1
5017.5,9.3,106,2.9,2.8,2.343,0.382,1
5018,9.5,107,2.9,2.6,2.349,0.375,1
5018.5,9.5,111,2.9,2.7,2.408,0.343,1
5019,9.4,111,2.9,2.8,2.419,0.363,1
5019.5,9.4,109,2.9,2.7,2.419,0.357,1
5020,9.3,104,2.9,2.7,2.407,0.356,1
5020.5,9.4,105,2.8,2.6,2.386,0.362,1
5021,9.4,105,2.8,2.8,2.363,0.368,1
5021.5,9.4,107,2.9,3,2.379,0.36,1
5022,9.5,102,2.8,3,2.428,0.342,1
5022.5,9.4,104,2.8,3,2.465,0.364,1
5023,9.4,106,2.8,2.8,2.47,0.379,1
5023.5,9.4,111,2.8,2.6,2.43,0.37,1
5024,9.3,108,2.8,2.7,2.407,0.326,1
5024.5,9.3,106,2.9,2.8,2.427,0.326,1
5025,9.4,108,3,3.2,2.457,0.383,1
5025.5,9.4,111,3.2,2.9,2.474,0.415,1
5026,9.4,100,3.4,2.8,2.423,0.358,1
5026.5,9.4,90,3.4,3,2.398,0.248,0
5027,8.7,87,3.4,3.7,2.441,0.23,0
5027.5,8.4,102,3.5,3.6,2.543,0.284,1
5028,8.8,113,3.5,3.3,2.492,0.342,1
5028.5,9.2,116,3.6,2.9,2.406,0.357,1
5029,9.5,114,3.6,2.9,2.394,0.346,1
5029.5,9.5,111,3.4,2.9,2.443,0.334,1
5030,9.6,111,3.3,3.2,2.471,0.306,1
5030.5,9.5,111,3.2,3.1,2.459,0.309,1
5031,9,117,3.1,3.1,2.45,0.319,1
5031.5,8.8,123,3.1,2.9,2.456,0.32,1
5032,8.8,123,3.1,3,2.469,0.323,1
5032.5,8.7,122,3.2,3.2,2.489,0.333,1
5033,8.8,117,3.2,3.1,2.48,0.329,1
5033.5,9,118,3.2,3.1,2.461,0.328,1
5034,9.1,115,3.2,2.9,2.428,0.314,1
5034.5,9,113,3.2,3,2.423,0.317,1
5035,9,114,3.3,3,2.418,0.321,1
5035.5,8.8,113,3.3,3.1,2.437,0.324,1
5036,8.9,118,3.3,3.1,2.455,0.329,1
5036.5,8.9,115,3.4,3.1,2.465,0.33,1
5037,9,118,3.4,2.9,2.463,0.331,1
5037.5,9.1,123,3.5,2.7,2.453,0.343,1
5038,9.1,128,3.6,2.6,2.425,0.347,1
5038.5,9.1,132,3.6,2.7,2.428,0.349,1
5039,9,123,3.7,2.8,2.466,0.35,1
5039.5,9,121,3.8,2.9,2.469,0.339,1
5040,8.8,115,3.8,2.7,2.425,0.339,1
5040.5,8.8,118,3.9,2.9,2.377,0.339,1
5041,8.8,113,3.9,2.9,2.382,0.346,1
5041.5,8.8,117,4,3.1,2.395,0.365,1
5042,8.8,120,3.9,3,2.412,0.358,1
5042.5,8.6,123,3.9,3.1,2.47,0.358,1
5043,8.7,122,3.9,3.2,2.525,0.329,1
5043.5,8.8,121,3.9,3.3,2.529,0.331,1
5044,8.8,121,3.9,3.2,2.534,0.325,1
5044.5,8.8,116,3.9,3,2.559,0.337,1
5045,8.8,116,3.9,3,2.535,0.317,1
5045.5,8.7,118,3.9,3,2.503,0.317,1
5046,8.5,120,3.9,3.1,2.534,0.325,1
5046.5,8.5,116,4,3.1,2.57,0.334,1
5047,8.5,114,3.9,3,2.532,0.343,1
5047.5,8.6,111,3.9,2.9,2.498,0.335,1
5048,8.6,110,4,2.8,2.471,0.35,1
5048.5,8.5,114,3.9,2.7,2.518,0.358,1
5049,8.6,113,3.9,2.8,2.534,0.367,1
5049.5,9.1,115,3.9,2.8,2.495,0.371,1
5050,9.1,109,3.9,2.8,2.418,0.362,1
5050.5,8.7,111,4,2.6,2.364,0.36,1
5051,8.4,111,4,2.6,2.291,0.341,1
5051.5,8.6,112,4,2.6,2.275,0.337,1
5052,8.7,113,4,2.7,2.346,0.332,1
5052.5,8.6,111,4,2.7,2.443,0.343,1
5053,8.7,115,4,2.7,2.471,0.34,1
5053.5,8.6,114,4.1,2.5,2.453,0.357,1
5054,8.9,106,4.5,2.5,2.442,0.394,1
5054.5,8.3,93,5.2,2.5,2.447,0.371,1
5055,8.3,79,6.1,3,2.503,0.262,1
5055.5,8.3,60,6.9,3.6,2.672,0.122,1
5056,8.2,42,7.7,4.8,2.773,0.043,0
5056.5,8.2,28,7.9,5.1,2.755,0.034,0
5057,8.2,35,7.6,4.7,2.762,0.081,0
5057.5,8.3,59,7.6,3.5,2.531,0.176,0
5058,8.9,85,7.1,3,2.212,0.256,0
5058.5,9.1,104,6.3,2.3,2.114,0.312,0
5059,9,105,5.4,2.4,2.157,0.317,0
5059.5,9.1,108,4.6,2.6,2.345,0.321,1
5060,8.9,106,4,2.8,2.455,0.312,1
5060.5,8.9,111,3.7,2.9,2.465,0.324,1
5061,8.9,112,3.6,3,2.421,0.336,1
5061.5,8.8,115,3.6,3,2.358,0.336,1
5062,8.9,113,3.6,2.8,2.349,0.322,1
5062.5,8.9,112,3.6,2.8,2.417,0.338,1
5063,9.2,111,3.7,2.7,2.459,0.364,1
5063.5,9.4,113,3.7,2.7,2.417,0.373,1
5064,9.2,113,3.7,2.6,2.374,0.366,1
5064.5,8.8,112,3.8,2.6,2.419,0.315,1
5065,8.6,113,3.9,2.8,2.446,0.292,1
5065.5,8.6,110,3.9,3.1,2.456,0.261,1
5066,8.5,107,3.9,3.1,2.473,0.279,1
5066.5,8.6,105,3.9,2.9,2.502,0.285,1
5067,9,107,3.9,2.9,2.482,0.295,1
5067.5,9.1,107,4,2.9,2.471,0.303,1
5068,9,105,4,2.8,2.486,0.327,1
5068.5,8.9,104,3.9,2.6,2.492,0.337,1
5069,8.8,103,3.8,2.7,2.446,0.354,1
5069.5,8.8,104,3.8,2.7,2.439,0.331,1
5070,9,104,3.7,2.8,2.452,0.311,1
5070.5,9.1,106,3.7,3,2.488,0.294,1
5071,9.1,110,3.7,3.3,2.561,0.296,1
5071.5,9.1,110,3.8,3.1,2.622,0.311,1
5072,9.1,109,3.8,3,2.601,0.313,1
5072.5,9.1,109,3.8,3,2.557,0.31,1
5073,8.9,108,3.7,2.9,2.547,0.318,1
5073.5,9.1,108,3.7,2.9,2.543,0.322,1
5074,9.3,105,3.7,2.8,2.533,0.335,1
5074.5,9.4,109,3.7,2.9,2.541,0.345,1
5075,9.4,112,3.7,2.7,2.546,0.362,1
5075.5,9.3,115,3.7,2.8,2.546,0.367,1
5076,9.1,111,3.7,2.8,2.454,0.34,1
5076.5,8.8,111,3.7,2.9,2.426,0.332,1
5077,9.2,108,3.7,2.8,2.446,0.328,1
5077.5,9.3,104,3.8,2.8,2.449,0.332,1
5078,8.9,101,3.9,2.9,2.481,0.328,1
5078.5,9,103,4,2.8,2.565,0.331,1
5079,8.9,112,4.1,2.7,2.54,0.333,1
5079.5,8.7,112,4.2,2.8,2.437,0.363,1
5080,8.5,104,4.2,2.6,2.297,0.402,1
5080.5,8.4,93,4.2,2.5,2.155,0.43,1
5081,9,93,4.3,2.3,2.084,0.403,1
5081.5,9.5,105,4.4,2.4,2.133,0.346,0
5082,9.2,111,4.7,2.5,2.312,0.33,1
5082.5,8.6,114,4.9,2.6,2.486,0.328,1
5083,8.4,111,4.9,2.7,2.56,0.315,1
5083.5,8.3,108,4.9,2.8,2.544,0.294,1
5084,8.3,109,5.1,2.8,2.541,0.274,1
5084.5,8.4,112,5.4,3,2.589,0.264,1
5085,8.9,123,5.6,3.1,2.658,0.247,1
5085.5,8.7,133,5.8,3.2,2.669,0.241,1
5086,8.3,135,5.6,3,2.63,0.259,1
5086.5,8.3,130,5.3,3,2.597,0.286,1
5087,8.3,124,4.9,2.9,2.468,0.322,1
5087.5,8.6,117,4.6,3.1,2.428,0.338,1
5088,8.6,115,4.3,3.1,2.462,0.355,1
5088.5,8.4,108,4.1,3.2,2.425,0.378,1
5089,8.7,113,4,2.9,2.362,0.368,1
5089.5,8.8,110,3.8,2.9,2.316,0.334,1
5090,8.4,110,3.7,2.9,2.411,0.314,1
5090.5,9.2,110,3.7,3,2.533,0.291,1
5091,9.5,110,3.8,3.2,2.602,0.294,1
5091.5,8.9,111,3.9,3.1,2.528,0.295,1
5092,8.4,107,4,3.1,2.515,0.327,1
5092.5,8.7,105,4.1,2.6,2.516,0.339,1
5093,8.9,109,4.2,2.6,2.485,0.328,1
5093.5,8.9,112,4.2,2.7,2.486,0.294,1
5094,8.5,116,4.1,2.7,2.574,0.299,1
5094.5,8.7,114,4.1,2.5,2.448,0.31,1
5095,8.9,112,4.1,2.6,2.366,0.314,1
5095.5,8.9,111,4.1,2.7,2.34,0.31,1
5096,8.6,113,4.2,2.8,2.48,0.318,1
5096.5,8.7,119,4.3,2.5,2.474,0.334,1
5097,8.8,123,4.5,2.4,2.419,0.305,1
5097.5,8.8,122,4.7,2.4,2.406,0.264,1
5098,8.7,118,5,2.6,2.544,0.221,1
5098.5,8.6,117,5.3,2.8,2.608,0.21,1
5099,8.4,118,5.7,2.9,2.641,0.214,1
5099.5,8.3,125,6.4,2.9,2.655,0.209,1
5100,8.2,124,6.9,2.8,2.656,0.198,1
5100.5,8.2,120,7.1,2.7,2.646,0.183,1
5101,8.2,111,6.9,2.7,2.633,0.169,1
5101.5,8.2,113,6.1,2.8,2.62,0.168,1
5102,8.2,113,5.2,2.6,2.567,0.224,1
5102.5,8.4,117,4.7,2.5,2.421,0.279,1
5103,8.5,117,4.3,2.9,2.326,0.347,1
5103.5,8.5,116,4,3.1,2.334,0.378,1
5104,8.5,116,3.8,3.4,2.409,0.386,1
5104.5,8.6,113,3.5,3.2,2.416,0.365,1
5105,8.5,112,3.3,3,2.458,0.335,1
5105.5,8.9,109,3.2,2.7,2.468,0.335,1
5106,9.2,105,3.2,2.4,2.382,0.359,1
5106.5,9.4,105,3.3,2.4,2.231,0.36,1
5107,8.9,103,3.5,2.6,2.286,0.36,1
5107.5,8.9,107,3.7,2.8,2.331,0.328,1
5108,8.9,106,3.8,2.8,2.478,0.317,1
5108.5,9,109,3.8,2.8,2.528,0.292,1
5109,9.1,106,3.9,3,2.552,0.28,1
5109.5,9,108,4,3,2.591,0.277,1
5110,9,109,4.1,3,2.588,0.286,1
5110.5,8.9,113,4.2,3,2.567,0.289,1
5111,8.9,115,4.2,3.2,2.567,0.299,1
5111.5,9.1,113,4.2,3.3,2.58,0.284,1
5112,8.9,110,4.1,3.5,2.588,0.289,1
5112.5,9.2,106,4.1,3.6,2.579,0.282,1
5113,9.3,107,4.1,3.4,2.566,0.289,1
5113.5,9.4,110,4,3.1,2.534,0.297,1
5114,9.3,111,4,2.9,2.52,0.303,1
5114.5,9.1,109,4,2.9,2.525,0.295,1
5115,9.1,109,3.9,2.9,2.557,0.292,1
5115.5,9.1,108,3.9,3.2,2.55,0.28,1
5116,9.1,109,3.9,3.3,2.581,0.283,1
5116.5,9.2,108,3.9,3.3,2.597,0.281,1
5117,9.1,109,3.9,3.1,2.59,0.285,1
5117.5,9.2,109,3.9,3.1,2.581,0.279,1
5118,9.4,108,3.9,3,2.588,0.263,1
5118.5,9.4,110,3.9,3.1,2.613,0.255,1
5119,9.3,112,3.9,3.2,2.612,0.269,1
5119.5,9.4,114,3.9,3.4,2.613,0.271,1
5120,9.4,116,3.9,3.3,2.617,0.269,1
5120.5,9.4,116,3.9,3.4,2.604,0.289,1
5121,9.4,111,3.9,3.1,2.584,0.314,1
5121.5,9.5,106,3.9,3,2.572,0.327,1
5122,9.7,107,3.9,2.8,2.528,0.3,1
5122.5,9.7,106,3.9,3,2.528,0.282,1
5123,9.6,109,3.9,3.1,2.569,0.281,1
5123.5,9.5,106,3.9,3.1,2.587,0.282,1
5124,9.6,110,3.9,3.1,2.577,0.291,1
5124.5,9.6,109,3.9,3.2,2.572,0.285,1
5125,9.6,107,3.9,3.3,2.597,0.294,1
5125.5,9.7,103,3.9,3.2,2.613,0.287,1
5126,9.7,102,3.9,3.2,2.628,0.297,1
5126.5,9.7,105,3.9,3.2,2.603,0.289,1
5127,9.7,110,3.9,3.2,2.586,0.294,1
5127.5,9.8,112,3.9,3,2.581,0.287,1
5128,9.7,113,3.9,3,2.582,0.287,1
5128.5,9.7,109,3.9,2.9,2.591,0.3,1
5129,9.7,107,3.9,3,2.604,0.299,1
5129.5,9.8,105,3.9,3.1,2.622,0.306,1
5130,9.7,107,3.9,3.2,2.613,0.296,1
5130.5,9.8,112,3.9,3.2,2.62,0.293,1
5131,9.8,111,3.9,3.1,2.634,0.287,1
5131.5,9.9,110,3.9,3.1,2.622,0.278,1
5132,9.9,111,3.9,3,2.608,0.27,1
5132.5,9.9,114,3.9,3.2,2.604,0.281,1
5133,10,116,3.9,3.1,2.615,0.283,1
5133.5,9.8,112,3.9,3.3,2.603,0.292,1
5134,9.9,110,3.9,3.1,2.593,0.287,1
5134.5,10,110,3.9,3.3,2.581,0.302,1
5135,9.9,108,3.9,3.2,2.586,0.317,1
5135.5,10,104,3.9,3,2.529,0.328,1
5136,10.1,103,3.9,2.8,2.471,0.317,1
5136.5,10.1,104,3.9,2.7,2.472,0.309,1
5137,10.2,106,3.9,2.7,2.536,0.298,1
5137.5,10,110,3.9,2.7,2.596,0.303,1
5138,10,114,3.8,2.8,2.595,0.301,1
5138.5,10,115,3.9,3,2.613,0.305,1
5139,10,116,3.9,3.2,2.616,0.292,1
5139.5,10.1,115,3.9,3.1,2.61,0.301,1
5140,10.1,113,3.9,3.1,2.613,0.293,1
5140.5,10.1,108,4,3.2,2.612,0.291,1
5141,10.1,107,4,3.4,2.604,0.284,1
5141.5,10.2,106,4,3.3,2.61,0.271,1
5142,10.2,108,3.9,3.2,2.602,0.267,1
5142.5,10.2,105,3.9,3,2.599,0.278,1
5143,10.4,107,3.9,3,2.58,0.298,1
5143.5,10.5,101,3.9,2.9,2.564,0.326,1
5144,10.4,100,3.8,3,2.554,0.322,1
5144.5,10.5,98,3.7,3.1,2.582,0.323,1
5145,10.6,97,3.7,3.1,2.599,0.3,1
5145.5,10.5,99,3.6,3.1,2.585,0.302,1
5146,10.5,102,3.5,3,2.562,0.285,1
5146.5,10.4,106,3.5,3.1,2.551,0.286,1
5147,10.4,109,3.4,3,2.568,0.279,1
5147.5,10.6,108,3.3,3.1,2.585,0.279,1
5148,10.4,107,3.3,3.2,2.588,0.29,1
5148.5,10.4,107,3.2,3.2,2.583,0.281,1
5149,10.5,112,3.2,3.2,2.585,0.272,1
5149.5,10.4,110,3.2,3.3,2.564,0.273,1
5150,10.4,113,3.1,3.4,2.549,0.278,1
5150.5,10.3,109,3.1,3.4,2.55,0.286,1
5151,10.3,110,3.1,3.4,2.542,0.282,1
5151.5,10.3,107,3.1,3.4,2.539,0.296,1
5152,10.2,106,3,3.3,2.537,0.297,1
5152.5,10.2,107,3,3.2,2.551,0.295,1
5153,10.3,104,3,3.1,2.54,0.279,1
5153.5,10.3,104,3,3.1,2.55,0.266,1
5154,10.3,108,3.1,3.2,2.564,0.269,1
5154.5,10.3,107,3.1,3.4,2.566,0.282,1
5155,10.3,109,3.1,3.3,2.576,0.291,1
5155.5,10.3,106,3.2,3.4,2.586,0.282,1
5156,10.3,108,3.2,3.4,2.6,0.282,1
5156.5,10.3,106,3.2,3.5,2.609,0.28,1
5157,10.3,107,3.2,3.5,2.62,0.283,1
5157.5,10.3,107,3.3,3.2,2.619,0.274,1
5158,10.3,108,3.3,3.2,2.6,0.281,1
5158.5,10.2,108,3.3,3.1,2.595,0.277,1
5159,10.2,107,3.3,3.3,2.594,0.296,1
5159.5,10.2,110,3.3,3.3,2.612,0.29,1
5160,10.2,111,3.2,3.3,2.589,0.3,1
5160.5,10.2,111,3.3,3.4,2.577,0.28,1
5161,10.3,114,3.3,3.3,2.567,0.284,1
5161.5,10.3,109,3.3,3.5,2.575,0.282,1
5162,10.3,110,3.3,3.3,2.581,0.283,1
5162.5,10.3,104,3.3,3.3,2.583,0.262,1
5163,10.4,104,3.3,3.2,2.581,0.271,1
5163.5,10.4,101,3.3,3.1,2.586,0.294,1
5164,10.4,100,3.3,3,2.595,0.311,1
5164.5,10.3,103,3.3,3,2.594,0.297,1
5165,10.3,105,3.4,3.1,2.589,0.284,1
5165.5,10.3,108,3.4,3.2,2.585,0.286,1
5166,10.4,108,3.4,3.3,2.58,0.317,1
5166.5,10.3,108,3.4,3.4,2.588,0.322,1
5167,10.3,110,3.4,3.5,2.588,0.309,1
5167.5,10.3,112,3.3,3.3,2.58,0.288,1
5168,10.3,114,3.3,3.1,2.571,0.281,1
5168.5,10.3,112,3.3,3.1,2.57,0.289,1
5169,10.3,107,3.3,3.1,2.592,0.283,1
5169.5,10.4,104,3.3,3.2,2.598,0.283,1
5170,10.4,106,3.3,3.1,2.586,0.297,1
5170.5,10.4,109,3.3,3.1,2.581,0.299,1
5171,10.4,108,3.3,3.1,2.594,0.315,1
5171.5,10.4,106,3.3,3.1,2.613,0.321,1
5172,10.4,106,3.3,3.1,2.618,0.317,1
5172.5,10.4,110,3.3,3.2,2.625,0.305,1
5173,10.3,107,3.3,3.2,2.606,0.3,1
5173.5,10.4,103,3.4,3.3,2.609,0.317,1
5174,10.4,105,3.6,3.3,2.596,0.323,1
5174.5,10.3,105,3.7,3.5,2.601,0.289,1
5175,10.3,104,3.8,3.9,2.615,0.252,1
5175.5,10.3,101,3.8,3.9,2.65,0.22,1
5176,10.3,103,3.9,3.7,2.661,0.235,1
5176.5,10.3,101,4,3.5,2.641,0.236,1
5177,10.3,95,4,3.9,2.625,0.25,1
5177.5,10.2,91,4,3.8,2.641,0.259,1
5178,10.5,93,3.7,3.5,2.629,0.292,1
5178.5,10.5,98,3.6,3.2,2.594,0.305,1
5179,10.4,101,3.5,3.1,2.589,0.31,1
5179.5,10.4,100,3.4,3.2,2.577,0.297,1
5180,10.5,100,3.3,3.2,2.576,0.303,1
5180.5,10.5,103,3.3,3.4,2.59,0.306,1
5181,10.4,102,3.2,3.4,2.585,0.309,1
5181.5,10.4,100,3.2,3.3,2.566,0.3,1
5182,10.5,97,3.3,3.2,2.58,0.282,1
5182.5,10.4,100,3.3,3.3,2.583,0.293,1
5183,10.4,101,3.3,3.3,2.598,0.309,1
5183.5,10.4,100,3.3,3.2,2.607,0.308,1
5184,10.4,101,3.3,3.2,2.617,0.301,1
5184.5,10.4,103,3.3,3.2,2.617,0.276,1
5185,10.5,102,3.3,3.3,2.599,0.29,1
5185.5,10.5,99,3.3,3.4,2.589,0.279,1
5186,10.5,95,3.3,3.4,2.586,0.277,1
5186.5,10.6,98,3.3,3.2,2.609,0.278,1
5187,10.6,98,3.3,3.3,2.608,0.272,1
5187.5,10.5,102,3.3,3.2,2.608,0.285,1
5188,10.6,100,3.3,3.3,2.601,0.278,1
5188.5,10.5,104,3.3,3.1,2.589,0.295,1
5189,10.6,105,3.3,3.2,2.571,0.282,1
5189.5,10.6,109,3.3,3.2,2.573,0.276,1
5190,10.6,107,3.3,3.3,2.585,0.268,1
5190.5,10.6,104,3.3,3.2,2.584,0.281,1
5191,10.5,103,3.3,3.1,2.577,0.304,1
5191.5,10.6,104,3.3,3.1,2.592,0.299,1
5192,10.5,106,3.3,3.1,2.602,0.28,1
5192.5,10.5,107,3.3,3.2,2.599,0.271,1
5193,10.6,104,3.3,3.2,2.59,0.277,1
5193.5,10.5,105,3.3,3.2,2.578,0.276,1
5194,10.5,101,3.3,3.2,2.58,0.272,1
5194.5,10.5,104,3.3,3.2,2.583,0.274,1
5195,10.6,103,3.3,3.3,2.58,0.287,1
5195.5,10.5,108,3.3,3.3,2.562,0.293,1
5196,10.5,106,3.3,3.3,2.562,0.294,1
5196.5,10.4,102,3.3,3.2,2.565,0.295,1
5197,10.4,99,3.2,3.2,2.573,0.294,1
5197.5,10.4,100,3.2,3.2,2.558,0.284,1
5198,10.4,106,3.2,3.2,2.553,0.295,1
5198.5,10.5,108,3.2,3.2,2.548,0.289,1
5199,10.4,107,3.2,3.3,2.545,0.291,1
5199.5,10.4,103,3.2,3.3,2.548,0.28,1
5200,10.4,105,3.2,3.3,2.549,0.297,1
5200.5,10.3,110,3.2,3.3,2.54,0.307,1
5201,10.4,114,3.2,3.2,2.548,0.3,1
5201.5,10.4,115,3.2,3.2,2.567,0.289,1
5202,10.4,110,3.2,3.3,2.584,0.287,1
5202.5,10.3,109,3.2,3.4,2.572,0.287,1
5203,10.3,107,3.2,3.4,2.567,0.283,1
5203.5,10.3,107,3.2,3.4,2.551,0.291,1
5204,10.2,108,3.1,3.3,2.544,0.299,1
5204.5,10.2,109,3.1,3.4,2.543,0.302,1
5205,10.3,112,3.1,3.4,2.559,0.305,1
5205.5,10.2,112,3.1,3.5,2.578,0.304,1
5206,10.2,106,3.1,3.6,2.595,0.305,1
5206.5,10.2,101,3.1,3.5,2.59,0.289,1
5207,10.2,99,3.1,3.4,2.569,0.298,1
5207.5,10.2,104,3.1,3.4,2.565,0.301,1
5208,10.2,102,3.1,3.4,2.569,0.301,1
5208.5,10.1,102,3.1,3.4,2.56,0.296,1
5209,10.1,102,3.1,3.2,2.554,0.289,1
5209.5,10.1,108,3.1,3.1,2.555,0.303,1
5210,10.1,110,3.1,3.1,2.576,0.295,1
5210.5,10,108,3.1,3.3,2.584,0.299,1
5211,10,106,3.1,3.4,2.589,0.29,1
5211.5,10,98,3.1,3.4,2.587,0.288,1
5212,10,97,3.1,3.5,2.589,0.291,1
5212.5,10,96,3.1,3.5,2.582,0.296,1
5213,10,102,3.1,3.5,2.586,0.31,1
5213.5,10,102,3.1,3.5,2.574,0.306,1
5214,10,104,3.1,3.4,2.573,0.297,1
5214.5,10,106,3.1,3.3,2.562,0.279,1
5215,9.9,108,3.1,3.1,2.576,0.281,1
5215.5,9.9,108,3.1,3.1,2.587,0.291,1
5216,9.8,105,3.1,3.1,2.598,0.284,1
5216.5,9.8,106,3.1,3.3,2.591,0.272,1
5217,9.8,105,3.1,3.3,2.597,0.267,1
5217.5,9.6,107,3.1,3.4,2.577,0.285,1
5218,9.6,107,3.1,3.3,2.568,0.293,1
5218.5,9.6,104,3.2,3.3,2.569,0.274,1
5219,9.5,104,3.2,3.2,2.576,0.283,1
5219.5,9.4,105,3.2,3.2,2.573,0.298,1
5220,9.4,108,3.2,3,2.563,0.318,1
5220.5,9.4,107,3.2,3.1,2.558,0.312,1
5221,9.3,108,3.2,3.2,2.569,0.31,1
5221.5,9.3,109,3.2,3.2,2.554,0.3,1
5222,9.3,111,3.2,3.3,2.546,0.297,1
5222.5,9.2,116,3.1,3.3,2.564,0.307,1
5223,9.1,116,3,3.6,2.565,0.313,1
5223.5,9.1,112,3,3.5,2.549,0.312,1
5224,9.1,108,2.9,3.3,2.524,0.291,1
5224.5,9,109,2.9,3.3,2.513,0.31,1
5225,8.9,109,2.8,3.3,2.501,0.306,1
5225.5,8.9,107,2.7,3.3,2.502,0.315,1
5226,8.9,106,2.7,3.2,2.501,0.3,1
5226.5,8.9,107,2.7,3.1,2.491,0.301,1
5227,8.9,108,2.6,3,2.493,0.293,1
5227.5,8.8,108,2.6,3,2.494,0.286,1
5228,8.8,107,2.6,3,2.505,0.273,1
5228.5,8.8,106,2.6,3.1,2.514,0.265,1
5229,8.7,104,2.6,3.1,2.5,0.281,1
5229.5,8.8,103,2.6,3,2.368,0.316,1
5230,9.2,105,2.6,2.8,2.323,0.333,1
5230.5,9.3,103,2.6,2.9,2.335,0.331,1
5231,9.4,103,2.6,2.8,2.507,0.316,1
5231.5,9.3,100,2.5,2.9,2.525,0.315,1
5232,9.3,100,2.6,2.9,2.495,0.303,1
5232.5,9.3,101,2.6,3.1,2.479,0.299,1
5233,9.2,101,2.6,2.9,2.474,0.299,1
5233.5,9.3,100,2.6,2.9,2.441,0.307,1
5234,9.3,99,2.6,2.9,2.434,0.303,1
5234.5,9.1,99,2.6,3,2.466,0.297,1
5235,9.1,103,2.7,2.9,2.484,0.296,1
5235.5,9,101,2.7,2.9,2.484,0.31,1
5236,9,102,2.7,2.9,2.479,0.312,1
5236.5,8.9,97,2.7,3,2.49,0.334,1
5237,8.8,98,2.7,3.1,2.494,0.313,1
5237.5,8.7,96,2.7,3.1,2.495,0.323,1
5238,8.7,102,2.6,3,2.487,0.303,1
5238.5,8.6,103,2.6,3,2.488,0.323,1
5239,8.6,105,2.6,2.9,2.475,0.301,1
5239.5,8.6,106,2.6,3.1,2.466,0.286,1
5240,8.6,105,2.6,2.9,2.468,0.29,1
5240.5,8.6,100,2.6,2.9,2.457,0.302,1
5241,8.7,99,2.6,2.9,2.456,0.311,1
5241.5,8.7,101,2.5,3.1,2.466,0.297,1
5242,8.7,106,2.5,3.1,2.493,0.308,1
5242.5,8.6,103,2.5,3,2.483,0.315,1
5243,8.6,99,2.5,2.9,2.477,0.323,1
5243.5,8.4,98,2.5,2.9,2.47,0.324,1
5244,8.3,100,2.5,3,2.47,0.324,1
5244.5,8.3,105,2.5,3.3,2.483,0.31,1
5245,8.3,106,2.5,3.2,2.484,0.317,1
5245.5,8.2,103,2.5,3,2.471,0.318,1
5246,8.2,108,2.5,2.9,2.458,0.332,1
5246.5,8.2,104,2.5,2.9,2.447,0.305,1
5247,8.2,107,2.5,2.9,2.466,0.312,1
5247.5,8.2,103,2.6,2.8,2.486,0.311,1
5248,8.2,109,2.6,2.9,2.472,0.318,1
5248.5,8.2,109,2.6,3,2.457,0.293,1
5249,8.2,106,2.6,2.9,2.439,0.295,1
5249.5,8,107,2.7,2.8,2.4,0.344,1
5250,8.1,111,2.9,2.6,2.371,0.435,1
5250.5,8.3,110,3.3,2.7,2.364,0.391,1
5251,8.2,91,3.8,2.7,2.431,0.256,1
5251.5,8.1,61,4.4,3.1,2.549,0.087,0
5252,7.9,36,5.3,3.5,2.681,0.026,0
5252.5,7.7,21,6.5,3.5,2.734,0.021,0
5253,7.6,22,8.4,3.6,2.717,0.02,0
5253.5,7.5,20,11.7,3.5,2.678,0.021,0
5254,7.4,21,15.6,3.6,2.653,0.034,0
5254.5,7.4,21,17.8,3.3,2.638,0.048,0
5255,7.5,25,17.9,3.3,2.643,0.056,0
5255.5,7.5,25,16.7,3.1,2.668,0.056,0
5256,7.5,25,14.7,3.1,2.666,0.059,0
5256.5,7.5,26,13.3,2.8,2.631,0.066,0
5257,7.5,28,12.5,2.7,2.593,0.068,0
5257.5,7.5,26,12.1,3,2.602,0.062,0
5258,7.5,26,11.9,3.1,2.608,0.057,0
5258.5,7.5,29,12,3.4,2.615,0.056,0
5259,7.5,32,12.5,3.1,2.599,0.053,0
5259.5,7.5,32,13.3,3.1,2.601,0.041,0
5260,7.5,28,13.7,3.3,2.607,0.028,0
5260.5,7.5,25,13.9,3.5,2.638,0.027,0
5261,7.5,25,13.6,3.7,2.652,0.03,0
5261.5,7.5,27,13.1,3.4,2.646,0.035,0
5262,7.5,28,12.8,3.3,2.634,0.04,0
5262.5,7.5,27,12.4,3.1,2.632,0.042,0
5263,7.5,27,11.5,3.1,2.624,0.043,0
5263.5,7.5,27,10.5,2.9,2.634,0.047,0
5264,7.5,27,9.5,2.9,2.627,0.05,0
5264.5,7.5,28,8.4,2.8,2.611,0.05,0
5265,7.5,28,7.1,2.9,2.637,0.048,0
5265.5,7.5,28,5.8,3,2.654,0.054,0
5266,7.6,27,4.6,2.8,2.63,0.08,0
5266.5,7.5,27,3.8,2.5,2.568,0.108,0
5267,7.5,26,3.3,2.3,2.479,0.128,0
5267.5,7.5,23,3,2.3,2.423,0.114,0
5268,7.5,22,3,2.6,2.418,0.082,0
5268.5,7.5,23,3,2.9,2.471,0.051,0
5269,7.5,23,3.1,3.2,2.539,0.034,0
5269.5,7.5,22,3.3,3.3,2.602,0.028,0
5270,7.5,25,3.6,3.2,2.627,0.038,0
5270.5,7.5,29,4.1,2.8,2.622,0.064,0
5271,7.4,36,4.6,2.5,2.56,0.097,0
5271.5,7.4,39,5.1,2.4,2.507,0.125,0
5272,7.4,44,5.5,2.5,2.493,0.129,0
5272.5,7.5,47,5.9,2.7,2.494,0.098,0
5273,7.6,43,6.3,3,2.52,0.057,0
5273.5,7.5,34,6.8,3.4,2.569,0.026,0
5274,7.6,23,7.7,3.5,2.614,0.024,0
5274.5,7.5,20,9.1,3.5,2.628,0.024,0
5275,7.5,20,11.7,3.5,2.64,0.023,0
5275.5,7.6,22,15.4,3.6,2.648,0.02,0
5276,7.6,21,19.1,3.5,2.649,0.019,0
5276.5,7.5,22,21,3.5,2.649,0.02,0
5277,7.5,21,20.8,3.6,2.657,0.022,0
5277.5,7.5,23,18.7,3.7,2.654,0.023,0
5278,7.5,24,16.1,3.7,2.641,0.024,0
5278.5,7.5,25,13.7,3.5,2.627,0.028,0
5279,7.5,23,11.5,3.4,2.622,0.035,0
5279.5,7.6,24,9.5,3.5,2.623,0.041,0
5280,7.5,26,8.1,3.3,2.621,0.055,0
5280.5,7.5,33,7.2,2.8,2.595,0.08,0
5281,7.5,35,6.7,2.5,2.551,0.1,0
5281.5,7.5,35,6.5,2.5,2.524,0.095,0
5282,7.5,29,6.6,2.8,2.536,0.066,0
5282.5,7.5,25,7,3.3,2.609,0.038,0
5283,7.7,25,7.8,3.4,2.659,0.024,0
5283.5,7.7,25,9,3.5,2.652,0.02,0
5284,7.7,23,11,3.6,2.644,0.019,0
5284.5,7.7,23,13.7,3.9,2.642,0.019,0
5285,7.8,21,16.6,4,2.648,0.018,0
5285.5,7.8,21,18.8,3.9,2.648,0.019,0
5286,7.8,20,20,3.7,2.653,0.019,0
5286.5,7.9,21,19.5,3.7,2.651,0.019,0
5287,7.9,23,18.3,3.6,2.663,0.02,0
5287.5,8,32,16.9,3.6,2.671,0.041,0
5288,8,40,15.5,3.3,2.672,0.072,0
5288.5,8,44,14.2,3.1,2.609,0.086,0
5289,8,44,12.7,3.3,2.578,0.068,0
5289.5,8,49,11,3.7,2.587,0.056,0
5290,8.1,69,9.4,3.6,2.636,0.11,0
5290.5,8.2,84,8.3,3.2,2.603,0.188,1
5291,8.6,94,7.6,3,2.556,0.251,1
5291.5,8.6,89,7.2,3,2.588,0.262,1
5292,8.7,91,6.8,3.1,2.701,0.265,1
5292.5,8.7,92,6.3,3,2.716,0.267,1
5293,8.7,95,6,3.3,2.697,0.257,1
5293.5,8.6,89,5.9,3.3,2.683,0.25,1
5294,8.7,86,5.8,3.6,2.659,0.243,1
5294.5,8.7,84,5.9,3.4,2.629,0.259,1
5295,8.6,86,6,3.5,2.602,0.265,1
5295.5,8.6,87,6.1,3.4,2.601,0.255,1
5296,8.7,86,6.1,3.5,2.6,0.238,1
5296.5,8.6,85,6.1,3.5,2.608,0.227,1
5297,8.6,87,6.1,3.7,2.628,0.233,1
5297.5,8.5,90,6.2,3.8,2.635,0.24,1
5298,8.6,91,6.2,3.7,2.636,0.24,1
5298.5,8.6,89,6.2,3.4,2.638,0.239,1
5299,8.5,90,6.2,3.5,2.63,0.243,1
5299.5,8.6,91,6.2,3.4,2.627,0.248,1
5300,8.6,93,6.3,3.5,2.63,0.243,1
5300.5,8.6,92,6.3,3.2,2.641,0.229,1
5301,8.5,88,6.3,3.2,2.646,0.22,1
5301.5,8.6,85,6.3,3.2,2.669,0.214,1
5302,8.6,83,6.4,3.4,2.668,0.221,1
5302.5,8.8,82,6.4,3.6,2.681,0.219,1
5303,8.7,84,6.3,3.6,2.666,0.228,1
5303.5,8.7,81,6.3,3.7,2.658,0.237,1
5304,8.8,84,6.3,3.7,2.651,0.238,1
5304.5,8.8,86,6.3,3.8,2.643,0.238,1
5305,8.8,86,6.3,3.8,2.619,0.236,1
5305.5,8.8,82,6.3,3.8,2.639,0.232,1
5306,8.7,78,6.3,3.9,2.642,0.224,1
5306.5,8.8,79,6.2,3.8,2.644,0.205,1
5307,8.4,81,6.2,3.8,2.642,0.206,1
5307.5,8.7,81,6.2,3.5,2.642,0.212,1
5308,8.8,84,6.3,3.5,2.644,0.227,1
5308.5,8.7,86,6.6,3.4,2.643,0.229,1
5309,9,88,7,3.6,2.63,0.206,1
5309.5,8.8,80,7.3,3.8,2.642,0.196,1
5310,8.2,76,7.5,3.8,2.646,0.21,1
5310.5,8.2,67,7.7,3.9,2.631,0.17,1
5311,8.4,58,7.5,3.6,2.601,0.135,0
5311.5,8,52,7,3.3,2.619,0.161,1
5312,8.4,63,6.8,3,2.556,0.243,1
5312.5,8.7,85,6.4,2.8,2.488,0.287,1
5313,8.8,97,5.9,2.9,2.433,0.29,1
5313.5,8.8,103,5.5,2.8,2.513,0.293,1
5314,8.7,105,5,2.8,2.536,0.306,1
5314.5,8.8,109,4.5,2.8,2.524,0.304,1
5315,8.9,110,4.3,2.8,2.555,0.304,1
5315.5,9,104,4.2,2.9,2.556,0.313,1
5316,9,109,4.1,2.9,2.542,0.315,1
5316.5,9.2,109,4.1,3,2.542,0.305,1
5317,9.3,113,4.1,3.2,2.568,0.297,1
5317.5,9.3,110,4.1,3.3,2.585,0.282,1
5318,9.3,107,4.1,3.3,2.586,0.285,1
5318.5,9.4,109,4.1,3.2,2.568,0.281,1
5319,9.5,102,4.1,3.2,2.551,0.29,1
5319.5,9.6,106,4.1,3.2,2.544,0.307,1
5320,9.7,106,4.1,3.2,2.551,0.311,1
5320.5,9.7,111,4.1,3,2.54,0.324,1
5321,9.9,110,4.1,2.9,2.518,0.314,1
5321.5,9.8,104,4,3.1,2.517,0.321,1
5322,9.9,104,4,3.3,2.546,0.314,1
5322.5,10,105,4,3.3,2.568,0.297,1
5323,10,107,4,3.2,2.555,0.288,1
5323.5,10.1,106,3.9,3.1,2.552,0.294,1
5324,10.2,102,3.9,3,2.562,0.296,1
5324.5,10.2,101,3.9,3.1,2.555,0.323,1
5325,10.2,104,3.9,3.1,2.57,0.318,1
5325.5,10.2,108,4,3.3,2.572,0.331,1
5326,10.3,114,4,3.4,2.569,0.305,1
5326.5,10.2,112,4,3.1,2.575,0.326,1
5327,10.4,111,4,3,2.558,0.321,1
5327.5,10.5,114,4,3,2.544,0.336,1
5328,10.6,114,4,3.1,2.553,0.302,1
5328.5,10.6,110,4,3.1,2.578,0.29,1
5329,10.6,106,4,3,2.565,0.282,1
5329.5,10.6,108,4,2.9,2.538,0.295,1
5330,10.6,109,3.9,3,2.541,0.32,1
5330.5,10.6,105,3.9,3.1,2.544,0.307,1
5331,10.7,104,3.9,3.2,2.54,0.319,1
5331.5,10.7,102,3.9,3.4,2.532,0.303,1
5332,10.5,102,3.9,3.1,2.547,0.325,1
5332.5,10.6,105,4,3.2,2.548,0.304,1
5333,10.5,111,4,3,2.556,0.293,1
5333.5,10.6,110,4,3.1,2.554,0.273,1
5334,10.5,107,4,3.2,2.557,0.281,1
5334.5,10.5,107,4,3.1,2.56,0.305,1
5335,10.6,109,4,3.1,2.557,0.327,1
5335.5,10.6,109,4,3.1,2.54,0.337,1
5336,10.6,110,4,3.2,2.537,0.327,1
5336.5,10.6,113,4,3.1,2.548,0.332,1
5337,10.6,112,4,2.9,2.558,0.339,1
5337.5,10.6,106,3.9,2.9,2.552,0.346,1
5338,10.5,103,4,3.1,2.555,0.333,1
5338.5,10.5,103,4,3.3,2.562,0.323,1
5339,10.4,107,4,3.4,2.56,0.305,1
5339.5,10.4,108,4.1,3.4,2.561,0.295,1
5340,10.3,110,4.2,3.2,2.567,0.29,1
5340.5,10.2,105,4.2,3.2,2.567,0.284,1
5341,10.2,97,4.3,3.3,2.566,0.273,1
5341.5,10.2,94,4.4,3.4,2.574,0.26,1
5342,10.2,93,4.5,3.3,2.571,0.264,1
5342.5,10.2,99,4.6,3.3,2.579,0.264,1
5343,10.3,96,4.6,3.2,2.561,0.253,1
5343.5,10.3,95,4.7,3.2,2.568,0.247,1
5344,10.1,95,4.7,3.2,2.567,0.246,1
5344.5,10,99,4.8,3.4,2.581,0.251,1
5345,10,102,4.8,3.5,2.583,0.257,1
5345.5,10,100,4.8,3.4,2.572,0.27,1
5346,10,97,4.7,3.3,2.556,0.278,1
5346.5,10.1,95,4.7,3.4,2.555,0.273,1
5347,10.1,93,4.8,3.5,2.561,0.276,1
5347.5,10.1,92,4.8,3.5,2.587,0.276,1
5348,10,92,4.8,3.4,2.578,0.273,1
5348.5,9.8,90,4.9,3.3,2.567,0.249,1
5349,9.6,90,4.8,3.3,2.547,0.227,1
5349.5,9.6,85,4.7,2.9,2.539,0.219,1
5350,9.6,86,4.6,2.8,2.519,0.242,1
5350.5,9.8,89,4.5,2.7,2.476,0.268,1
5351,10.3,96,4.4,2.9,2.474,0.284,1
5351.5,10.3,97,4.4,2.8,2.49,0.297,1
5352,10.2,97,4.3,2.7,2.539,0.288,1
5352.5,9.6,93,4.1,2.8,2.407,0.29,1
5353,9.9,91,3.9,2.9,2.286,0.281,0
5353.5,10.4,88,3.8,2.9,2.281,0.317,1
5354,10.7,88,3.8,2.7,2.375,0.339,1
5354.5,10.8,93,3.7,2.7,2.469,0.347,1
5355,10.7,95,3.7,2.7,2.546,0.314,1
5355.5,10.7,99,3.7,2.8,2.525,0.298,1
5356,10.5,97,3.6,2.8,2.471,0.306,1
5356.5,10.5,99,3.5,2.8,2.441,0.324,1
5357,10.4,101,3.5,2.8,2.448,0.35,1
5357.5,10.6,104,3.5,2.9,2.478,0.369,1
5358,10.5,99,3.5,3.1,2.473,0.353,1
5358.5,10.5,99,3.5,2.9,2.455,0.333,1
5359,10.8,98,3.6,3,2.443,0.308,1
5359.5,11.3,99,3.5,2.9,2.4,0.356,1
5360,11.8,99,3.6,2.9,2.399,0.396,1
5360.5,12,97,3.6,2.8,2.424,0.4,1
5361,11.9,95,3.6,2.8,2.479,0.368,1
5361.5,11.6,91,3.6,2.9,2.485,0.335,1
5362,11.7,93,3.6,3,2.52,0.321,1
5362.5,11.7,93,3.6,3,2.534,0.311,1
5363,11.7,99,3.6,3,2.518,0.297,1
5363.5,11.3,100,3.6,3.1,2.52,0.283,1
5364,11.3,102,3.6,3,2.506,0.302,1
5364.5,11.4,101,3.6,3.1,2.521,0.319,1
5365,11.7,100,3.6,3,2.529,0.336,1
5365.5,11.7,104,3.6,3.1,2.543,0.326,1
5366,12,104,3.6,2.9,2.528,0.324,1
5366.5,12.1,105,3.6,2.9,2.521,0.338,1
5367,11.9,102,3.6,2.9,2.516,0.337,1
5367.5,12.2,101,3.7,2.7,2.505,0.349,1
5368,11.8,99,3.8,2.6,2.471,0.372,1
5368.5,10.7,101,4.1,2.7,2.328,0.389,1
5369,9.9,98,4.4,2.9,2.274,0.374,1
5369.5,9.5,99,4.9,3.6,2.31,0.347,1
5370,9.6,99,5.5,3.3,2.505,0.297,1
5370.5,8.9,93,6,3.4,2.618,0.242,1
5371,8.6,82,6.6,3.4,2.648,0.181,1
5371.5,8.3,73,7.4,3.4,2.612,0.166,1
5372,8.2,73,8.3,3.2,2.565,0.172,1
5372.5,7.9,73,9,3,2.521,0.167,0
5373,7.7,63,9.1,2.9,2.477,0.148,0
5373.5,7.7,51,8.6,2.8,2.461,0.147,0
5374,7.7,43,8.1,2.7,2.457,0.151,0
5374.5,7.7,39,8,2.7,2.47,0.149,0
5375,7.6,37,7.9,2.7,2.464,0.142,0
5375.5,7.5,38,8.1,2.7,2.458,0.141,0
5376,7.5,40,8.3,2.6,2.468,0.136,0
5376.5,7.5,39,8.9,2.6,2.474,0.138,0
5377,7.5,36,9.4,2.7,2.479,0.128,0
5377.5,7.5,34,10.1,2.8,2.488,0.116,0
5378,7.5,31,10.9,2.9,2.494,0.1,0
5378.5,7.5,31,12,2.8,2.503,0.1,0
5379,7.5,29,13.7,2.7,2.484,0.111,0
5379.5,7.5,32,15.5,2.7,2.458,0.119,0
5380,7.6,33,17.7,2.7,2.439,0.117,0
5380.5,7.6,33,19.5,2.6,2.431,0.114,0
5381,7.7,30,20.8,2.6,2.431,0.113,0
5381.5,7.7,29,21.8,2.6,2.444,0.111,0
5382,7.7,30,22.2,2.6,2.465,0.108,0
5382.5,7.7,31,22.5,2.7,2.49,0.1,0
5383,7.7,32,22.7,2.8,2.501,0.101,0
5383.5,7.7,34,22.9,2.8,2.499,0.107,0
5384,7.7,42,22.7,3.1,2.515,0.111,0
5384.5,7.7,44,21.4,3.4,2.538,0.107,0
5385,7.7,44,19.3,3.5,2.564,0.098,0
5385.5,7.7,39,16.9,3.5,2.551,0.087,0
5386,7.7,39,14.1,3.4,2.558,0.081,0
5386.5,7.7,47,12,3.7,2.575,0.08,0
5387,7.7,84,10.8,3.6,2.609,0.113,0
5387.5,7.7,118,9.8,3.4,2.599,0.158,1
5388,7.7,135,9.1,3.2,2.563,0.176,1
5388.5,7.7,121,8.8,3.1,2.539,0.16,0
5389,7.7,109,8.6,3.3,2.54,0.132,0
5389.5,7.7,98,8.8,3.7,2.559,0.116,0
5390,7.7,84,9.6,3.8,2.59,0.1,0
5390.5,7.7,65,10.7,4.1,2.602,0.083,0
5391,7.7,54,12.3,3.8,2.606,0.076,0
5391.5,7.7,52,14.2,3.6,2.578,0.08,0
5392,7.7,51,16.1,3.5,2.581,0.082,0
5392.5,7.7,47,17.6,3.5,2.579,0.08,0
5393,7.7,38,18.7,3.7,2.597,0.069,0
5393.5,7.7,33,19.2,3.6,2.621,0.056,0
5394,7.7,31,17.9,3.9,2.646,0.053,0
5394.5,7.7,29,15.4,3.7,2.665,0.049,0
5395,7.7,30,12.8,4,2.658,0.048,0
5395.5,7.7,48,10.4,4.1,2.653,0.057,0
5396,7.7,87,8.6,4.2,2.652,0.089,0
5396.5,7.7,130,7.5,3.9,2.648,0.137,0
5397,7.7,151,7.1,3.6,2.616,0.15,1
5397.5,7.7,135,6.8,3.5,2.575,0.13,0
5398,7.7,103,6.6,3.5,2.556,0.089,0
5398.5,7.7,66,6.5,3.7,2.572,0.071,0
5399,7.7,44,6.6,3.8,2.607,0.065,0
5399.5,7.7,44,7,3.8,2.619,0.078,0
5400,7.7,52,7.5,3.9,2.618,0.106,0
5400.5,7.7,58,7.7,3.8,2.613,0.142,0
5401,7.7,54,7.6,3.6,2.596,0.169,1
5401.5,7.7,51,7.5,3.4,2.568,0.183,1
5402,7.7,51,7.5,3.3,2.522,0.175,0
5402.5,7.7,50,7.6,3.2,2.504,0.147,0
5403,7.7,48,7.9,3.3,2.516,0.111,0
5403.5,7.6,41,8.6,3.5,2.557,0.088,0
5404,7.6,35,9.5,3.6,2.578,0.081,0
5404.5,7.6,30,10.7,3.6,2.579,0.083,0
5405,7.6,29,12.4,3.5,2.567,0.087,0
5405.5,7.6,26,13.8,3.6,2.564,0.089,0
5406,7.6,24,14.6,3.7,2.568,0.09,0
5406.5,7.6,22,14.7,3.8,2.573,0.09,0
5407,7.6,22,14.7,3.7,2.571,0.089,0
5407.5,7.7,23,14.7,3.5,2.558,0.087,0
5408,7.7,23,14.7,3.6,2.544,0.088,0
5408.5,7.7,23,14.7,3.5,2.547,0.091,0
5409,7.5,25,14.5,3.6,2.554,0.094,0
5409.5,7.6,27,14.4,3.5,2.568,0.097,0
5410,7.6,29,14.1,3.7,2.565,0.096,0
5410.5,7.5,28,13.8,3.7,2.569,0.094,0
5411,7.6,27,13.4,3.6,2.57,0.095,0
5411.5,7.6,28,12.7,3.4,2.567,0.097,0
5412,7.5,27,11.4,3.4,2.565,0.097,0
5412.5,7.6,31,9.5,3.4,2.592,0.091,0
5413,7.7,35,7.5,3.7,2.611,0.084,0
5413.5,7.6,54,5.9,3.8,2.642,0.1,0
5414,7.7,87,4.6,4.1,2.624,0.127,0
5414.5,7.7,125,3.8,3.9,2.621,0.17,1
5415,7.6,149,3.2,3.7,2.583,0.195,1
5415.5,7.5,136,2.8,3.6,2.517,0.222,1
5416,7.5,114,2.5,3.5,2.457,0.225,0
5416.5,7.7,96,2.4,3.5,2.432,0.217,0
5417,7.7,104,2.3,3.4,2.464,0.195,0
5417.5,7.7,118,2.3,3.4,2.462,0.196,0
5418,7.7,129,2.4,3.3,2.421,0.257,1
5418.5,8.2,137,2.6,3,2.354,0.312,1
5419,8.8,145,3,3.1,2.308,0.317,1
5419.5,8.3,149,3.4,3,2.329,0.271,0
5420,7.7,141,3.8,3.2,2.391,0.215,0
5420.5,7.7,120,4.1,2.9,2.441,0.162,0
5421,7.7,100,4.6,2.9,2.48,0.113,0
5421.5,7.7,77,5.3,2.9,2.494,0.071,0
5422,7.7,62,6.1,2.9,2.514,0.058,0
5422.5,7.6,61,7,2.9,2.526,0.072,0
5423,7.6,77,7.3,3.2,2.514,0.093,0
5423.5,7.6,96,7.1,3.5,2.511,0.115,0
5424,7.7,115,6.6,4.1,2.519,0.122,0
5424.5,7.7,135,6.2,3.5,2.55,0.151,0
5425,7.7,153,5.8,3.1,2.505,0.22,1
5425.5,8.4,151,5.4,2.7,2.327,0.279,0
5426,9,139,5.2,2.6,2.263,0.322,1
5426.5,9.2,128,5.2,2.6,2.299,0.33,1
5427,9.1,122,5.2,2.5,2.46,0.34,1
5427.5,8.1,123,5.4,2.5,2.418,0.364,1
5428,8.4,118,5.8,2.5,2.286,0.371,1
5428.5,8.7,120,6.3,2.6,2.235,0.356,1
5429,8.8,110,7,2.5,2.263,0.3,0
5429.5,7.8,94,7.9,2.5,2.366,0.217,0
5430,7.5,70,9.3,2.4,2.425,0.15,0
5430.5,7.5,51,11.1,2.3,2.439,0.115,0
5431,7.5,37,13.8,2.1,2.428,0.104,0
5431.5,7.4,29,16.5,2,2.426,0.089,0
5432,7.4,21,20,1.9,2.403,0.075,0
5432.5,7.4,19,23.6,1.9,2.383,0.068,0
5433,7.4,19,26,1.9,2.376,0.065,0
5433.5,7.4,20,26.9,1.8,2.385,0.064,0
5434,7.4,19,28.3,1.8,2.386,0.065,0
5434.5,7.4,18,29.2,1.8,2.39,0.064,0
5435,7.4,19,30,1.8,2.394,0.062,0
5435.5,7.4,18,30.2,1.9,2.4,0.058,0
5436,7.4,17,30.1,1.9,2.389,0.055,0
5436.5,7.4,17,30.1,2,2.38,0.058,0
5437,7.4,17,29.9,1.9,2.384,0.058,0
5437.5,7.4,18,29.4,1.9,2.382,0.059,0
5438,7.4,18,29.1,1.9,2.384,0.057,0
5438.5,7.4,19,28.4,1.9,2.377,0.052,0
5439,7.4,18,28.3,1.9,2.365,0.051,0
5439.5,7.4,17,27.8,1.8,2.367,0.049,0
5440,7.4,17,27.9,1.8,2.373,0.049,0
5440.5,7.4,16,27.9,1.8,2.383,0.05,0
5441,7.4,18,28.4,1.8,2.39,0.051,0
5441.5,7.4,17,30.1,1.8,2.393,0.054,0
5442,7.4,21,32.1,1.8,2.392,0.057,0
5442.5,7.4,20,33.8,1.9,2.392,0.06,0
5443,7.4,22,33.9,1.9,2.398,0.058,0
5443.5,7.4,19,32.4,2.2,2.411,0.053,0
5444,7.4,19,31.8,2.6,2.475,0.046,0
5444.5,7.4,17,32.2,2.6,2.514,0.049,0
5445,7.4,18,33.9,2.3,2.494,0.056,0
5445.5,7.4,17,35.7,2,2.422,0.062,0
5446,7.4,17,36.4,2,2.378,0.057,0
5446.5,7.4,15,35,2,2.383,0.046,0
5447,7.4,16,34,2.2,2.412,0.04,0
5447.5,7.4,17,33.8,2.3,2.467,0.043,0
5448,7.4,17,34.7,2.2,2.502,0.051,0
5448.5,7.4,17,35.2,2,2.444,0.058,0
5449,7.4,16,33.9,1.9,2.38,0.061,0
5449.5,7.4,17,31.1,1.9,2.35,0.059,0
5450,7.4,16,28.1,1.9,2.363,0.058,0
5450.5,7.4,18,25.9,1.9,2.366,0.059,0
5451,7.4,20,24.3,1.9,2.352,0.06,0
5451.5,7.4,22,23.5,2,2.351,0.068,0
5452,7.4,23,23.1,2,2.356,0.073,0
5452.5,7.4,21,22.8,2,2.346,0.076,0
5453,7.4,19,22.5,1.9,2.335,0.072,0
5453.5,7.4,19,21.9,1.9,2.321,0.068,0
5454,7.4,19,21.2,1.9,2.332,0.069,0
5454.5,7.4,19,20.6,1.8,2.343,0.067,0
5455,7.4,18,20.1,1.8,2.361,0.064,0
5455.5,7.4,16,19.8,1.8,2.366,0.063,0
5456,7.4,17,19.8,1.9,2.365,0.065,0
5456.5,7.4,19,19.8,1.9,2.366,0.069,0
5457,7.4,27,19.6,1.9,2.357,0.07,0
5457.5,7.4,37,19.2,1.9,2.355,0.087,0
5458,7.4,41,19.5,1.9,2.352,0.115,0
5458.5,7.4,36,19.8,2.1,2.385,0.12,0
5459,7.5,24,19.9,2,2.421,0.104,0
5459.5,7.5,20,19.4,1.9,2.43,0.077,0
5460,7.5,20,18.5,1.8,2.405,0.072,0
5460.5,7.5,19,17.9,1.8,2.374,0.072,0
5461,7.5,18,17.7,1.8,2.367,0.074,0
5461.5,7.5,20,16.5,1.9,2.371,0.078,0
5462,7.5,23,15.2,1.9,2.369,0.081,0
5462.5,7.5,31,14,1.9,2.359,0.089,0
5463,7.5,44,12.9,1.9,2.359,0.109,0
5463.5,7.5,66,12.2,2.1,2.373,0.136,0
5464,7.5,81,11.9,2.2,2.421,0.202,0
5464.5,7.4,80,11.7,2.5,2.453,0.222,1
5465,7.5,63,11.1,2.4,2.477,0.201,1
5465.5,7.5,57,10.5,2.4,2.47,0.138,0
5466,7.5,64,9.8,2.4,2.528,0.121,0
5466.5,7.4,77,9,2.6,2.523,0.16,0
5467,7.5,76,8.4,2.6,2.546,0.191,1
5467.5,7.5,64,8,2.6,2.579,0.203,1
5468,7.5,56,7.7,2.5,2.611,0.174,1
5468.5,7.4,59,7.7,2.6,2.569,0.163,1
5469,7.3,68,7.9,2.8,2.536,0.169,0
5469.5,7.3,70,8.4,3.2,2.534,0.174,0
5470,7.4,57,8.9,3.3,2.572,0.138,0
5470.5,7.5,44,9.7,3.2,2.624,0.082,0
5471,7.5,46,10.7,2.9,2.665,0.049,0
5471.5,7.5,57,12.6,2.8,2.674,0.069,0
5472,7.5,66,16.5,2.8,2.632,0.093,0
5472.5,7.5,65,21.4,3.1,2.589,0.093,0
5473,7.5,65,25.2,3.4,2.601,0.063,0
5473.5,7.5,70,27.2,3.8,2.636,0.042,0
5474,7.5,76,27.2,4,2.654,0.041,0
5474.5,7.5,75,29.7,3.9,2.637,0.041,0
5475,7.5,76,36.1,4,2.632,0.039,0
5475.5,7.5,73,44.3,3.9,2.634,0.033,0
5476,7.5,77,53.6,4,2.636,0.032,0
5476.5,7.5,78,62,4.2,2.63,0.034,0
5477,7.5,82,63.5,4.4,2.624,0.036,0
5477.5,7.5,81,62.9,4.4,2.633,0.034,0
5478,7.5,81,64.6,4.3,2.636,0.03,0
5478.5,7.5,76,65.8,4.1,2.645,0.03,0
5479,7.5,73,61.7,4.2,2.654,0.032,0
5479.5,7.5,70,57.5,4.1,2.667,0.033,0
5480,7.5,72,53.1,3.9,2.665,0.036,0
5480.5,7.5,81,48.6,3.5,2.67,0.036,0
5481,7.5,104,45,3.5,2.659,0.043,0
5481.5,7.5,137,44.3,3.4,2.645,0.034,0
5482,7.5,136,46.5,3.6,2.645,0.022,0
5482.5,7.5,104,47.9,3.6,2.668,0.01,0
5483,7.7,59,49.8,4,2.685,0.006,0
5483.5,7.7,37,51.8,4.5,2.696,0.006,0
5484,7.7,31,56.7,4.6,2.697,0.006,0
5484.5,7.7,28,71.8,4.5,2.691,0.006,0
5485,7.6,28,92.6,4.2,2.68,0.007,0
5485.5,7.6,27,117.2,4.4,2.682,0.008,0
5486,7.7,27,137.8,4.4,2.683,0.007,0
5486.5,7.7,25,143,4.4,2.686,0.008,0
5487,7.7,24,136.8,4.4,2.692,0.007,0
5487.5,7.7,22,130.9,4.5,2.701,0.007,0
5488,7.7,23,132.9,4.9,2.71,0.008,0
5488.5,7.7,23,130.3,4.9,2.712,0.007,0
5489,7.7,23,135,4.8,2.714,0.007,0
5489.5,7.7,21,132.6,4.6,2.699,0.007,0
5490,7.6,19,135.8,5,2.699,0.008,0
5490.5,7.6,19,127.6,5.3,2.7,0.008,0
5491,7.6,19,131.6,5.1,2.694,0.008,0
5491.5,7.7,19,129.2,4.7,2.679,0.008,0
5492,7.7,18,129.6,4.8,2.683,0.008,0
5492.5,7.7,20,125.6,4.7,2.696,0.008,0
5493,7.7,21,126,5.1,2.705,0.008,0
5493.5,7.7,20,122.4,4.9,2.706,0.008,0
5494,7.7,19,121.5,4.8,2.697,0.008,0
5494.5,7.7,18,120.4,4.5,2.692,0.008,0
5495,7.7,18,120.4,4.7,2.693,0.008,0
5495.5,7.7,18,124.4,4.7,2.696,0.008,0
5496,7.7,20,125.8,4.6,2.701,0.008,0
5496.5,7.7,21,128.2,4.4,2.703,0.008,0
5497,7.7,21,132,4.4,2.705,0.007,0
5497.5,7.7,20,136.5,4.4,2.716,0.007,0
5498,7.7,19,140.8,4.6,2.715,0.006,0
5498.5,7.7,20,140.3,4.8,2.714,0.007,0
5499,7.7,20,138.1,4.9,2.709,0.007,0
5499.5,7.7,21,128.7,4.9,2.705,0.007,0
5500,7.7,29,112.5,4.5,2.699,0.008,0
5500.5,7.7,47,85.8,4.1,2.68,0.011,0
5501,7.7,57,66.9,3.8,2.669,0.015,0
5501.5,7.7,57,50.7,3.7,2.656,0.018,0
5502,7.5,49,38,3.8,2.663,0.023,0
5502.5,7.5,46,30.1,3.9,2.668,0.04,0
5503,7.5,47,24,4,2.683,0.064,0
5503.5,7.5,49,19.5,4,2.665,0.086,0
5504,7.5,51,16.6,4.1,2.662,0.095,0
5504.5,7.5,53,14.8,4.2,2.671,0.103,0
5505,7.5,56,13,4.2,2.672,0.112,0
5505.5,7.5,58,12,4,2.661,0.12,0
5506,7.5,58,11.4,3.8,2.654,0.117,0
5506.5,7.5,53,11.2,3.8,2.657,0.115,0
5507,7.5,55,11.2,4,2.658,0.116,0
5507.5,7.6,53,12.2,3.8,2.655,0.102,0
5508,7.6,47,13.7,4.1,2.641,0.074,0
5508.5,7.5,39,15.7,4,2.669,0.04,0
5509,7.5,33,18.4,4.3,2.676,0.025,0
5509.5,7.5,31,21.5,4,2.682,0.023,0
5510,7.5,30,26.3,4,2.678,0.022,0
5510.5,7.5,31,34.5,4,2.676,0.022,0
5511,7.5,32,43.3,4.2,2.671,0.021,0
5511.5,7.5,33,48.7,4.4,2.672,0.021,0
5512,7.5,35,53.5,4.3,2.671,0.02,0
5512.5,7.5,39,54.4,4.1,2.675,0.017,0
5513,7.5,41,51.4,4,2.682,0.017,0
5513.5,7.5,43,50.6,4.3,2.678,0.018,0
5514,7.5,42,49.6,4.3,2.685,0.021,0
5514.5,7.5,41,50,4.3,2.665,0.02,0
5515,7.5,39,52,3.9,2.678,0.018,0
5515.5,7.5,38,56.3,4.1,2.666,0.018,0
5516,7.5,38,60.1,4.2,2.67,0.015,0
5516.5,7.5,36,66.5,4.5,2.666,0.012,0
5517,7.5,33,74.7,4.6,2.681,0.01,0
5517.5,7.5,28,84.1,4.7,2.687,0.008,0
5518,7.5,26,100.5,4.8,2.696,0.007,0
5518.5,7.5,23,121.9,5,2.712,0.006,0
5519,7.5,23,151.4,5.1,2.708,0.007,0
5519.5,7.5,24,165.1,5.1,2.704,0.007,0
5520,7.5,26,165.4,4.8,2.707,0.008,0
5520.5,7.5,27,155.3,4.8,2.706,0.008,0
5521,7.5,26,137.2,4.6,2.703,0.008,0
5521.5,7.5,27,124.2,4.3,2.682,0.008,0
5522,7.5,27,117.1,4.2,2.681,0.008,0
5522.5,7.5,29,112.4,4.1,2.676,0.008,0
5523,7.5,27,108.8,4,2.668,0.008,0
5523.5,7.5,24,107.7,3.9,2.675,0.008,0
5524,7.5,22,107.8,4,2.687,0.009,0
5524.5,7.5,22,107.8,4.3,2.697,0.009,0
5525,7.5,23,111.8,4.5,2.699,0.009,0
5525.5,7.5,22,118.9,4.7,2.697,0.008,0
5526,7.5,20,123.5,4.5,2.682,0.008,0
5526.5,7.5,18,125,4.2,2.676,0.008,0
5527,7.5,21,122.3,4.1,2.673,0.008,0
5527.5,7.5,24,125.9,4.2,2.686,0.008,0
5528,7.5,26,125,4.2,2.68,0.008,0
5528.5,7.5,25,122.6,4.1,2.676,0.008,0
5529,7.6,24,120.1,4.1,2.673,0.008,0
5529.5,7.5,25,120,4.1,2.687,0.008,0
5530,7.6,23,119.6,4.1,2.698,0.009,0
5530.5,7.6,24,122.4,4.2,2.701,0.009,0
5531,7.7,23,126.7,4.1,2.695,0.008,0
5531.5,7.7,23,124.5,4.4,2.678,0.007,0
5532,7.7,22,124.2,4.2,2.669,0.007,0
5532.5,7.7,26,116.6,4.4,2.667,0.008,0
5533,7.6,29,116.6,4.3,2.685,0.011,0
5533.5,7.7,33,115.2,4.1,2.679,0.012,0
5534,7.6,33,116.5,4.1,2.682,0.012,0
5534.5,7.6,30,113.8,4.3,2.69,0.011,0
5535,7.6,28,105.4,4.7,2.696,0.011,0
5535.5,7.6,28,101.1,4.6,2.7,0.012,0
5536,7.5,34,104.4,4.4,2.686,0.013,0
5536.5,7.5,33,111.5,4.2,2.672,0.015,0
5537,7.5,31,114,4.2,2.672,0.014,0
5537.5,7.5,28,122.2,4.3,2.678,0.014,0
5538,7.5,27,127,4.6,2.678,0.013,0
5538.5,7.5,26,123.9,4.9,2.681,0.012,0
5539,7.5,27,126.1,4.6,2.679,0.011,0
5539.5,7.5,28,124.5,4.5,2.694,0.011,0
5540,7.5,28,128.1,4.3,2.683,0.011,0
5540.5,7.5,27,126.4,4.4,2.675,0.012,0
5541,7.5,25,128.3,4.5,2.67,0.012,0
5541.5,7.5,24,125.7,4.5,2.669,0.012,0
5542,7.5,23,125.8,4.3,2.667,0.012,0
5542.5,7.5,24,125.2,4.5,2.674,0.012,0
5543,7.5,23,124.7,4.5,2.679,0.011,0
5543.5,7.5,22,126.1,4.7,2.688,0.011,0
5544,7.5,22,128.9,4.4,2.686,0.012,0
5544.5,7.5,22,128.5,4.5,2.689,0.011,0
5545,7.5,24,127,4.4,2.693,0.011,0
5545.5,7.5,25,121.8,4.4,2.697,0.011,0
5546,7.5,27,121.9,4.3,2.695,0.011,0
5546.5,7.5,26,115.8,4.6,2.691,0.011,0
5547,7.5,25,114.5,4.6,2.694,0.011,0
5547.5,7.5,25,112.9,4.8,2.69,0.011,0
5548,7.5,24,110.5,4.5,2.685,0.011,0
5548.5,7.5,22,114.7,4.3,2.668,0.011,0
5549,7.5,20,122.1,4.2,2.673,0.011,0
5549.5,7.5,21,122.3,4.4,2.683,0.01,0
5550,7.5,20,125.5,4.5,2.687,0.01,0
5550.5,7.5,21,125.3,4.6,2.686,0.011,0
5551,7.5,21,130.2,4.5,2.674,0.011,0
5551.5,7.5,22,128.9,4.5,2.688,0.011,0
5552,7.5,21,138.5,4.4,2.697,0.011,0
5552.5,7.5,21,138.7,4.5,2.705,0.011,0
5553,7.5,23,145.2,4.5,2.697,0.011,0
5553.5,7.5,25,145.4,4.7,2.694,0.01,0
5554,7.6,24,152.3,4.7,2.698,0.01,0
5554.5,7.6,25,152.7,4.5,2.693,0.009,0
5555,7.5,24,141.9,4.4,2.69,0.008,0
5555.5,7.5,22,135.6,4.4,2.697,0.008,0
5556,7.5,21,130.3,4.3,2.708,0.009,0
5556.5,7.5,22,125.1,4.2,2.7,0.01,0
5557,7.6,26,126.7,4.2,2.695,0.011,0
5557.5,7.5,25,129.7,4.3,2.688,0.01,0
5558,7.5,24,122.9,4.4,2.685,0.009,0
5558.5,7.6,23,117.8,4.4,2.687,0.008,0
5559,7.6,24,115,4.5,2.699,0.008,0
5559.5,7.6,26,115,4.3,2.705,0.008,0
5560,7.6,27,113.9,4.3,2.691,0.008,0
5560.5,7.6,31,113.7,4.2,2.677,0.009,0
5561,7.6,33,111.1,4.2,2.672,0.01,0
5561.5,7.6,35,105.3,4,2.681,0.01,0
5562,7.6,34,104.4,4.1,2.682,0.01,0
5562.5,7.6,34,103.5,4,2.692,0.009,0
5563,7.6,30,103.7,4.2,2.694,0.008,0
5563.5,7.6,28,104.5,4.1,2.696,0.008,0
5564,7.6,26,105.4,4.2,2.694,0.008,0
5564.5,7.6,27,111.4,4.2,2.697,0.008,0
5565,7.6,28,116.9,4.2,2.685,0.009,0
5565.5,7.6,27,118.5,4.3,2.689,0.009,0
5566,7.6,27,114.5,4.5,2.693,0.009,0
5566.5,7.6,27,109.2,4.7,2.701,0.008,0
5567,7.6,29,109.1,4.5,2.688,0.008,0
5567.5,7.6,28,110.1,4.4,2.685,0.009,0
5568,7.6,27,112.8,4.1,2.68,0.009,0
5568.5,7.6,23,110.2,4.4,2.677,0.009,0
5569,7.6,23,107.8,4.4,2.682,0.009,0
5569.5,7.5,22,107.9,4.6,2.68,0.009,0
5570,7.5,22,113,4.6,2.689,0.009,0
5570.5,7.5,22,118.8,4.7,2.694,0.009,0
5571,7.5,25,123.5,4.8,2.704,0.008,0
5571.5,7.5,29,123.7,4.2,2.709,0.008,0
5572,7.5,35,124.4,4,2.693,0.009,0
5572.5,7.5,35,121.9,3.9,2.682,0.009,0
5573,7.5,36,127.1,4.7,2.684,0.01,0
5573.5,7.5,36,132.4,4.8,2.692,0.01,0
5574,7.5,37,142.1,4.6,2.689,0.009,0
5574.5,7.5,34,149.1,4.5,2.693,0.007,0
5575,7.5,31,155.9,4.3,2.682,0.006,0
5575.5,7.5,28,155.9,4.6,2.703,0.007,0
5576,7.5,31,157,4.4,2.71,0.009,0
5576.5,7.5,34,152.9,4.5,2.717,0.011,0
5577,7.5,41,145.9,4.4,2.703,0.013,0
5577.5,7.5,40,134.8,4.3,2.695,0.014,0
5578,7.5,39,126.1,4.4,2.696,0.015,0
5578.5,7.5,35,115.7,4.5,2.7,0.018,0
5579,7.5,34,111.6,4.7,2.688,0.018,0
5579.5,7.5,35,111.7,4.7,2.693,0.017,0
5580,7.5,34,111.2,4.5,2.698,0.015,0
5580.5,7.5,35,110.2,4.6,2.709,0.012,0
5581,7.5,35,103.3,4.5,2.712,0.012,0
5581.5,7.5,43,88.3,4.9,2.705,0.017,0
5582,7.4,46,75,4.9,2.668,0.034,0
5582.5,7.4,46,60.3,4.9,2.626,0.065,0
5583,7.5,35,49.3,4.9,2.577,0.092,0
5583.5,7.5,31,39.5,4.5,2.541,0.108,0
5584,7.5,30,31.7,4.5,2.505,0.113,0
5584.5,7.5,29,25.9,4.4,2.504,0.119,0
5585,7.5,25,21.8,4.8,2.503,0.126,0
5585.5,7.4,20,19,4.7,2.491,0.128,0
5586,7.4,21,17.2,4.6,2.471,0.129,0
5586.5,7.4,20,16,4.4,2.461,0.125,0
5587,7.4,22,15.2,4.5,2.446,0.116,0
5587.5,7.4,21,14.6,4.7,2.45,0.097,0
5588,7.5,20,14,4.7,2.465,0.083,0
5588.5,7.5,21,13.9,4.9,2.5,0.082,0
5589,7.5,23,14.3,5,2.527,0.086,0
5589.5,7.5,26,15.4,4.9,2.534,0.079,0
5590,7.5,27,17.2,4.8,2.524,0.059,0
5590.5,7.5,33,19.4,4.6,2.542,0.031,0
5591,7.5,43,22.2,4.7,2.59,0.016,0
5591.5,7.5,58,26,4.3,2.65,0.011,0
5592,7.5,61,32.5,4.3,2.676,0.01,0
5592.5,7.5,59,42.5,4.7,2.691,0.01,0
5593,7.5,49,58.4,4.8,2.69,0.01,0
5593.5,7.5,52,73.5,5.1,2.688,0.011,0
5594,7.5,54,85,4.5,2.673,0.014,0
5594.5,7.5,60,84.9,4.6,2.667,0.017,0
5595,7.5,62,80.8,4.3,2.659,0.021,0
5595.5,7.5,63,77,4.2,2.638,0.022,0
5596,7.5,59,72.3,4.2,2.61,0.022,0
5596.5,7.5,51,68.7,4.4,2.607,0.021,0
5597,7.5,43,65.5,4.6,2.634,0.019,0
5597.5,7.5,39,64.2,4.7,2.667,0.018,0
5598,7.5,35,64.6,4.7,2.671,0.017,0
5598.5,7.5,34,68.5,4.9,2.673,0.017,0
5599,7.5,32,71.8,4.8,2.672,0.015,0
5599.5,7.5,31,73.3,4.9,2.676,0.015,0
5600,7.5,33,74.6,5,2.673,0.015,0
